<data noupdate="1">
   <record id="ir_cron_sale_purchase_action" model="ir.cron">
       <field name="name">Product Lines Deleted That Not Exist</field>
       <field name="model_id" ref="model_tuba_products"/>
       <field name="state">code</field>
       <field name="code">model.remove_products()</field>
       <field name="user_id" ref="base.user_root"/>
       <field name="interval_number">1</field>
       <field name="interval_type">days</field>
       <field name="numbercall">-1</field>
   </record>
</data>
